{
  "best_model": "RandomForest_BAG_L3",
  "rmse": 0.04096457537510569,
  "mae": 0.017251566061626113,
  "r2": 0.9872717311834037,
  "mape_valid": 7.0900534857443045
}