{
  "best_model": "DecisionStudio_Ensemble_CatBoost_XGBoost",
  "rmse": 0.08349642890677736,
  "mae": 0.038895199265501675,
  "r2": 0.947621696484479,
  "mape_valid": 20.211674364195527,
  "c_index": 0.8664754972243668,
  "auc": 0.9990288433524327,
  "brier": 0.0029059004598988862
}